,Accuracy,Precision,Recall,F1_Score,ROC_AUC
Logistic_Regression,0.348,0.4447103361254061,0.348,0.37838518786340375,0.5127838756873552
Random_Forest,0.449,0.4259403410466919,0.449,0.43358958394872016,0.5022544864585406
XGBoost,0.4535,0.430801769927134,0.4535,0.43769075185047646,0.49438115984297315
Neural_Network,0.437,0.4053307271000559,0.437,0.4205366128558028,0.4782554811722331
LightGBM,0.4425,0.4358396297330479,0.4425,0.43875871032262426,0.5020053973792413
TabTransformer,0.468,0.219024,0.468,0.2983978201634877,0.5183043225987861
LSTM_Transformer,0.468,0.219024,0.468,0.2983978201634877,0.5025577310304675
